Date,Daily_PnL,Avg_Trade_PnL,Trade_Count,Sentiment,Volume,Sentiment_MA_7,Sentiment_MA_30,Signal
2023-05-01,0.0,0.0,3,63.0,477.0,,,0
2023-12-05,0.0,0.0,9,75.0,50005.83,,,0
2023-12-14,-205.43473700000007,-18.675885181818188,11,72.0,113203.35,,,0
2023-12-15,-24.632033999999997,-12.316016999999999,2,70.0,10609.95,,,0
2023-12-16,0.0,0.0,3,67.0,15348.77,,,0
2023-12-17,304.982785,21.78448464285714,14,73.0,116278.02,,,0
2023-12-18,0.0,0.0,2,65.0,31164.179999999997,69.28571428571429,,0
2023-12-19,1000.5386120000001,66.70257413333334,15,73.0,91602.41,70.71428571428571,,0
2023-12-20,162.732282,9.040682333333333,18,74.0,141636.79,70.57142857142857,,0
2023-12-21,537.211402,10.963498000000001,49,70.0,125233.97,70.28571428571429,,0
2023-12-22,141.832675,14.1832675,10,74.0,88874.28,70.85714285714286,,0
2023-12-23,146.936704,11.302823384615383,13,70.0,78438.25,71.28571428571429,,0
2023-12-24,1008.619956,25.862050153846155,39,71.0,402954.94,71.0,,0
2023-12-25,-245.081348,-81.69378266666666,3,73.0,59948.51,72.14285714285714,,0
2023-12-27,-704.8892269999999,-25.174615249999995,28,73.0,171411.06,72.14285714285714,,0
2023-12-28,-970.730876,-42.20569026086957,23,73.0,100117.25,72.0,,0
2023-12-29,508.92214299999995,10.178442859999999,50,65.0,569559.72,71.28571428571429,,0
2023-12-30,354.998648,6.826897076923077,52,68.0,702550.21,70.42857142857143,,0
2024-01-01,-129.53146,-7.196192222222223,18,65.0,264239.52999999997,69.71428571428571,,0
2024-01-02,783.979116,46.11641858823529,17,71.0,121348.74,69.71428571428571,,0
2024-01-03,866.015507,12.925604582089552,67,70.0,394499.36,69.28571428571429,,0
2024-01-04,-67.60364,-13.520728,5,68.0,99792.54000000001,68.57142857142857,,0
2024-01-05,164.141565,2.486993409090909,66,72.0,1703942.66,68.42857142857143,,0
2024-01-06,135.58166400000002,6.16280290909091,22,70.0,298521.4,69.14285714285714,,0
2024-01-07,-835.681235,-8.615270463917525,97,71.0,1048850.06,69.57142857142857,,0
2024-01-08,-269.874439,-2.1083940546875,128,71.0,1522452.43,70.42857142857143,,0
2024-01-09,-826.349863,-11.804998042857143,70,76.0,870051.97,71.14285714285714,,0
2024-01-10,-1517.091342,-7.860576901554404,193,73.0,2057479.48,71.57142857142857,,0
2024-01-11,-164.08950099999998,-7.813785761904761,21,76.0,305314.1,72.71428571428571,,0
2024-01-12,-1925.519024,-275.0741462857143,7,71.0,200082.27,72.57142857142857,70.76666666666667,0
2024-01-15,152.85358,10.918112857142857,14,52.0,50636.1,70.0,70.4,0
2024-01-16,-2299.171458,-255.4634953333333,9,64.0,116427.33,69.0,70.03333333333333,0
2024-01-17,813.2741110000001,15.344794547169812,53,60.0,800831.03,67.42857142857143,69.63333333333334,0
2024-01-18,68.93319,1.4985476086956522,46,63.0,424631.52999999997,65.57142857142857,69.4,0
2024-01-19,-385.419235,-8.029567395833334,48,51.0,428428.97,62.42857142857143,68.86666666666666,0
2024-01-20,-146.57487000000003,-1.3827817924528305,106,52.0,1070090.51,59.0,68.16666666666667,0
2024-01-21,266.58114600000005,24.234649636363642,11,56.0,103129.74,56.857142857142854,67.86666666666666,0
2024-01-22,1375.640959,16.18401128235294,85,55.0,337878.99,57.285714285714285,67.26666666666667,0
2024-01-23,-369.2447299999998,-8.20543844444444,45,50.0,414518.93000000005,55.285714285714285,66.46666666666667,0
2024-01-24,-2808.353815,-41.29932080882353,68,48.0,965084.59,53.57142857142857,65.73333333333333,0
2024-01-25,-3093.6293849999997,-515.6048975,6,52.0,66566.13,52.0,65.0,0
2024-01-26,90.2,18.04,5,49.0,11773.21,51.714285714285715,64.3,0
2024-01-28,-2478.06972,-225.27906545454545,11,54.0,18109.03,52.0,63.733333333333334,0
2024-01-29,486.562542,6.5751694864864865,74,55.0,414208.18,51.857142857142854,63.13333333333333,0
2024-01-30,-173.65419100000003,-3.5439630816326537,49,61.0,401011.38,52.714285714285715,62.733333333333334,0
2024-01-31,-799.840817,-0.93113017112922,859,60.0,6305647.13,54.142857142857146,62.3,0
2024-02-01,0.0,0.0,6,63.0,2008.18,56.285714285714285,62.233333333333334,0
2024-02-02,456.423473,10.867225547619048,42,63.0,474278.43,57.857142857142854,62.06666666666667,0
2024-02-03,223.30918699999998,3.9876640535714283,56,60.0,603820.0,59.42857142857143,61.9,0
2024-02-04,47.62389499999999,1.360682714285714,35,60.0,203187.53,60.285714285714285,61.53333333333333,0
2024-02-05,-33.45419400000003,-0.4646415833333337,72,60.0,770198.26,61.0,61.2,0
2024-02-06,-215.615907,-0.19817638511029412,1088,64.0,8047153.41,61.42857142857143,61.06666666666667,0
2024-02-07,241.24212,16.082808,15,62.0,6758.73,61.714285714285715,60.733333333333334,0
2024-02-08,770.756024,77.07560240000001,10,66.0,26051.12,62.142857142857146,60.6,0
2024-02-11,983.443176,28.924799294117648,34,71.0,212311.82,63.285714285714285,60.6,0
2024-02-12,913.8817869999998,57.11761168749999,16,70.0,227247.69999999998,64.71428571428571,60.56666666666667,0
2024-02-13,559.44389,39.960277857142856,14,79.0,1999.99,67.42857142857143,60.666666666666664,-1
2024-02-14,3830.599833,34.509908405405405,111,74.0,320839.88,69.42857142857143,60.7,0
2024-02-15,1840.797677,29.219010746031746,63,72.0,185188.04,70.57142857142857,60.56666666666667,0
2024-02-16,5491.768834,30.174554032967034,182,72.0,564896.51,72.0,60.6,0
2024-02-17,1929.6418,20.52810425531915,94,76.0,406118.07,73.42857142857143,61.4,-1
2024-02-18,477.6248299999999,4.923967319587628,97,72.0,157048.17,73.57142857142857,61.666666666666664,0
2024-02-19,4317.768563,42.750183792079206,101,75.0,286377.2,74.28571428571429,62.166666666666664,-1
2024-02-20,3263.628824,83.68279035897436,39,72.0,119419.72,73.28571428571429,62.46666666666667,0
2024-02-21,1858.7985700000002,84.49084409090909,22,78.0,108047.51999999999,73.85714285714286,63.36666666666667,-1
2024-02-22,3894.1050699999996,44.25119397727272,88,74.0,373033.87,74.14285714285714,64.1,0
2024-02-23,1418.55293,9.91995055944056,143,76.0,111106.14,74.71428571428571,64.76666666666667,-1
2024-02-25,-30.7705,-6.1541,5,74.0,4480.13,74.42857142857143,65.4,0
2024-02-26,4416.8473,113.25249487179488,39,72.0,192187.14,74.42857142857143,66.13333333333334,0
2024-02-27,888.511733,14.103360841269842,63,79.0,209362.3,75.0,67.16666666666667,-1
2024-02-28,2503.747235,55.63882744444444,45,82.0,171107.13,76.42857142857143,68.16666666666667,-1
2024-02-29,9813.996992,84.60342234482759,116,80.0,395666.73,76.71428571428571,69.2,-1
2024-03-01,8244.241409,60.176944591240876,137,80.0,472974.7,77.57142857142857,70.06666666666666,-1
2024-03-02,230.90060000000005,7.448406451612905,31,80.0,63197.56,78.14285714285714,70.9,-1
2024-03-03,8361.086245,105.83653474683545,79,83.0,390745.68,79.42857142857143,71.63333333333334,-1
2024-03-04,27799.775742,92.66591914,300,82.0,1577996.87,80.85714285714286,72.36666666666666,-1
2024-03-05,19791.026041,109.95014467222222,180,90.0,841810.32,82.42857142857143,73.26666666666667,-1
2024-03-06,6814.825139,83.10762364634145,82,75.0,327218.02,81.42857142857143,73.66666666666667,-1
2024-03-08,4271.886236,63.7594960597015,67,81.0,183583.18,81.57142857142857,74.36666666666666,-1
2024-03-09,9949.501624,85.03847541880343,117,84.0,658178.75,82.14285714285714,75.16666666666667,-1
2024-03-10,2482.9272,59.117314285714286,42,79.0,219973.85,82.0,75.8,-1
2024-03-11,3588.179495,85.43284511904761,42,82.0,176519.44999999998,81.85714285714286,76.4,-1
2024-03-12,3039.166,379.89575,8,81.0,103040.85,81.71428571428571,77.03333333333333,-1
2024-03-13,0.0,0.0,7,81.0,6000.799999999999,80.42857142857143,77.53333333333333,-1
2024-03-14,3465.865832,192.5481017777778,18,88.0,205933.18,82.28571428571429,78.1,-1
2024-03-15,6236.513651,100.58892985483871,62,83.0,351894.41,82.57142857142857,78.53333333333333,-1
2024-03-16,228.57984,28.57248,8,81.0,37223.66,82.14285714285714,78.6,-1
2024-03-17,503.293955,21.882345869565217,23,79.0,99506.95,82.14285714285714,78.76666666666667,-1
2024-03-18,1456.9577,76.68198421052631,19,77.0,90458.08,81.42857142857143,78.93333333333334,-1
2024-03-19,668.797973,27.86658220833333,24,79.0,219884.84,81.14285714285714,79.16666666666667,-1
2024-03-20,6423.134599,93.08890723188406,69,74.0,215705.85,80.14285714285714,79.1,0
2024-03-21,2335.5080749999997,83.41100267857142,28,78.0,117895.57,78.71428571428571,79.3,0
2024-03-24,1297.018477,68.26413036842105,19,74.0,92592.20999999999,77.42857142857143,79.26666666666667,0
2024-03-25,1302.916428,186.13091828571427,7,75.0,57116.32,76.57142857142857,79.36666666666666,0
2024-03-26,3215.906593,27.253445703389833,118,81.0,198565.19,76.85714285714286,79.46666666666667,0
2024-03-27,150.41114,3.9581878947368416,38,83.0,99864.79,77.71428571428571,79.76666666666667,0
2024-03-28,227.85100799999998,17.527000615384615,13,80.0,35323.72,77.85714285714286,79.9,0
2024-03-29,883.097404,58.873160266666666,15,79.0,86914.37,78.57142857142857,80.06666666666666,0
2024-03-30,1100.57514,24.45722533333333,45,75.0,101103.92,78.14285714285714,80.16666666666667,0
2024-03-31,912.786145,70.21431884615384,13,75.0,39912.96,78.28571428571429,80.03333333333333,0
2024-04-01,2507.963406,32.57095332467532,77,79.0,339470.47,78.85714285714286,79.93333333333334,0
2024-04-02,883.760812,21.555141756097562,41,79.0,239664.50999999998,78.57142857142857,79.9,0
2024-04-03,126.7884,31.6971,4,71.0,16887.57,76.85714285714286,79.6,0
2024-04-04,0.0,0.0,32,70.0,95987.73,75.42857142857143,79.26666666666667,0
2024-04-05,10706.484306,107.06484306,100,79.0,503791.8,75.42857142857143,79.13333333333334,0
2024-04-06,236.33513399999998,14.770945874999999,16,75.0,68223.67,75.42857142857143,78.9,0
2024-04-07,0.0,0.0,23,78.0,49988.14,75.85714285714286,78.5,0
2024-04-08,1218.4267,40.614223333333335,30,76.0,211940.64,75.42857142857143,78.53333333333333,0
2024-04-09,0.0,0.0,3,80.0,57063.840000000004,75.57142857142857,78.5,0
2024-04-10,5207.443414,127.01081497560976,41,78.0,351735.97,76.57142857142857,78.3,0
2024-04-11,389.743164,24.35894775,16,76.0,76400.96,77.42857142857143,78.2,0
2024-04-12,-592.6458390000001,-4.594153790697676,129,79.0,442088.59,77.42857142857143,78.1,0
2024-04-13,6621.451755,74.3983343258427,89,72.0,486411.25,77.0,77.8,0
2024-04-14,-36104.012520000004,-337.4206777570094,107,72.0,659162.17,76.14285714285714,77.5,0
2024-04-15,3774.08872,92.05094439024391,41,74.0,291111.19,75.85714285714286,77.03333333333333,0
2024-04-16,2467.702221,52.504302574468085,47,65.0,181907.17,73.71428571428571,76.43333333333334,0
2024-04-17,2441.4683999999997,174.39059999999998,14,67.0,97562.99,72.14285714285714,75.96666666666667,0
2024-04-19,1946.4454620000001,55.61272748571429,35,66.0,337257.92000000004,70.71428571428571,75.53333333333333,0
2024-04-20,0.0,0.0,22,66.0,60733.24,68.85714285714286,75.16666666666667,0
2024-04-22,0.0,0.0,9,73.0,47993.61,69.0,74.96666666666667,0
2024-04-23,1119.536196,16.962669636363636,66,71.0,233054.9,68.85714285714286,74.86666666666666,0
2024-04-24,279.185907,13.95929535,20,72.0,141275.24,68.57142857142857,74.66666666666667,0
2024-04-25,0.0,0.0,74,72.0,120241.01,69.57142857142857,74.6,0
2024-04-26,0.0,0.0,3,70.0,4988.290000000001,70.0,74.43333333333334,0
2024-04-27,4281.488139,158.57363477777778,27,67.0,154264.47,70.14285714285714,73.96666666666667,0
2024-04-28,0.0,0.0,58,65.0,43985.6,70.0,73.36666666666666,0
2024-04-29,526.9338359999999,11.709640799999999,45,67.0,108699.01,69.14285714285714,72.93333333333334,0
2024-04-30,0.0,0.0,24,67.0,125018.75,68.57142857142857,72.53333333333333,0
2024-05-01,0.0,0.0,14,54.0,87025.45,66.0,71.83333333333333,0
2024-05-03,5306.017045,147.3893623611111,36,48.0,282682.64999999997,62.57142857142857,70.93333333333334,0
2024-05-04,0.0,0.0,9,67.0,58998.75,62.142857142857146,70.53333333333333,0
2024-05-05,0.916,0.15266666666666667,6,69.0,24068.350000000002,62.42857142857143,70.2,0
2024-05-06,968.59038,107.62115333333333,9,71.0,206016.43,63.285714285714285,70.2,0
2024-05-07,883.537693,49.08542738888889,18,68.0,108717.58,63.42857142857143,70.13333333333334,0
2024-05-08,1.56576,0.12044307692307693,13,64.0,65973.57,63.0,69.63333333333334,0
2024-05-09,1147.595856,40.985566285714285,28,55.0,221966.12,63.142857142857146,68.96666666666667,0
2024-05-10,2101.741695,95.53371340909092,22,66.0,156882.0,65.71428571428571,68.56666666666666,0
2024-05-11,251.604742,27.956082444444444,9,53.0,63248.95,63.714285714285715,67.8,0
2024-05-12,0.0,0.0,23,56.0,55179.56,61.857142857142854,67.0,0
2024-05-13,2136.853859,76.31620925,28,57.0,193118.9,59.857142857142854,66.3,0
2024-05-14,1150.5233050000002,50.02275239130436,23,66.0,145853.4,59.57142857142857,65.96666666666667,0
2024-05-15,948.970582,26.360293944444447,36,64.0,234922.57,59.57142857142857,65.46666666666667,0
2024-05-16,214.5898,7.94777037037037,27,70.0,162620.96,61.714285714285715,65.4,0
2024-05-18,3522.3946610000003,140.89578644000002,25,73.0,126303.14,62.714285714285715,65.43333333333334,0
2024-05-19,0.0,0.0,8,72.0,29998.09,65.42857142857143,65.36666666666666,0
2024-05-20,-74.818442,-7.4818442,10,70.0,38124.75,67.42857142857143,65.53333333333333,0
2024-05-21,7289.397571999999,58.31518057599999,125,76.0,1100948.59,70.14285714285714,65.83333333333333,-1
2024-05-22,0.0,0.0,6,76.0,44995.29,71.57142857142857,66.16666666666667,-1
2024-05-23,413.347329,1.2718379353846154,325,76.0,401850.6,73.28571428571429,66.5,-1
2024-05-24,821.949278,410.974639,2,74.0,50811.899999999994,73.85714285714286,66.53333333333333,0
2024-05-25,14.126038999999999,0.8828774374999999,16,76.0,29991.129999999997,74.28571428571429,66.7,-1
2024-05-26,778.6839,48.66774375,16,75.0,53976.67,74.71428571428571,66.8,-1
2024-05-27,1129.35587,4.499425776892431,251,74.0,151115.72,75.28571428571429,66.86666666666666,0
2024-05-29,277.791953,1.6938533719512194,164,72.0,84268.76,74.71428571428571,66.93333333333334,0
2024-05-30,20.951433,2.9930618571428576,7,73.0,2838.09,74.28571428571429,67.13333333333334,0
2024-05-31,25.35812,1.9506246153846154,13,73.0,3636.14,73.85714285714286,67.4,0
2024-06-01,91.510419,3.66041676,25,72.0,12834.62,73.57142857142857,67.56666666666666,0
2024-06-02,192.906947,2.074268247311828,93,73.0,29464.51,73.14285714285714,67.76666666666667,0
2024-06-03,562.808208,8.040117257142859,70,73.0,21466.86,72.85714285714286,68.4,0
2024-06-04,52.211438,0.9851214716981133,53,73.0,24243.41,72.71428571428571,69.23333333333333,0
2024-06-05,56.055506,1.038064925925926,54,75.0,25350.77,73.14285714285714,69.5,-1
2024-06-06,274.173187,1.1716802863247862,234,78.0,137557.76,73.85714285714286,69.8,-1
2024-06-07,8902.467416,20.23288049090909,440,77.0,1098588.76,74.42857142857143,70.0,-1
2024-06-08,129.13883900000002,4.453063413793104,29,72.0,97351.88,74.42857142857143,70.13333333333334,0
2024-06-09,0.0,0.0,17,75.0,22410.22,74.71428571428571,70.5,-1
2024-06-10,31.266804999999998,0.589939716981132,53,72.0,46587.93,74.57142857142857,71.06666666666666,0
2024-06-11,4320.631811,35.12708789430894,123,74.0,373279.92,74.71428571428571,71.33333333333333,0
2024-06-12,-21886.531493,-86.16744682283463,254,72.0,193407.96,74.28571428571429,71.96666666666667,0
2024-06-13,6632.757115,83.95895082278481,79,70.0,132577.22,73.14285714285714,72.43333333333334,0
2024-06-14,10258.592609,330.9223422258064,31,74.0,139868.66,72.71428571428571,73.0,0
2024-06-15,3369.958346,43.20459417948718,78,74.0,718350.25,73.0,73.26666666666667,0
2024-06-16,0.0,0.0,11,71.0,25235.079999999998,72.42857142857143,73.5,0
2024-06-17,10599.502375,278.9342730263158,38,71.0,368380.12,72.28571428571429,73.53333333333333,0
2024-06-18,282.57636,11.3030544,25,74.0,263314.79,72.28571428571429,73.56666666666666,0
2024-06-19,4887.656944,80.12552367213115,61,64.0,417071.12,71.14285714285714,73.3,0
2024-06-20,57478.456026,1473.8065647692308,39,60.0,207990.8,69.71428571428571,72.96666666666667,0
2024-06-21,773.5582039999999,9.66947755,80,63.0,176264.49,68.14285714285714,72.53333333333333,0
2024-06-22,756.876565,31.536523541666668,24,53.0,169594.27000000002,65.14285714285714,71.76666666666667,0
2024-06-23,0.0,0.0,5,55.0,1792.12,62.857142857142854,71.06666666666666,0
2024-06-24,0.0,0.0,31,51.0,403002.8,60.0,70.3,0
2024-06-25,4869.353105,99.3745531632653,49,30.0,103099.08,53.714285714285715,68.76666666666667,0
2024-06-26,4197.732182,58.30183586111111,72,46.0,365190.66000000003,51.142857142857146,67.8,0
2024-06-27,0.0,0.0,30,40.0,130486.95,48.285714285714285,66.66666666666667,0
2024-06-29,6150.326145,82.0043486,75,30.0,280095.11,43.57142857142857,65.26666666666667,0
2024-06-30,0.0,0.0,14,47.0,30520.69,42.714285714285715,64.4,0
2024-07-01,5065.839308,79.1537391875,64,53.0,362670.14999999997,42.42857142857143,63.733333333333334,0
2024-07-02,2421.253116,134.514062,18,51.0,33347.47,42.42857142857143,63.03333333333333,0
2024-07-03,1118.387284,62.132626888888886,18,50.0,179600.66,45.285714285714285,62.266666666666666,0
2024-07-04,0.0,0.0,25,44.0,430568.01,45.0,61.3,0
2024-07-05,0.0,0.0,32,29.0,272289.89,43.42857142857143,59.833333333333336,0
2024-07-06,108.87217799999999,4.53634075,24,26.0,2490.17,42.857142857142854,58.2,0
2024-07-07,61.428942,6.1428942,10,29.0,498.75,40.285714285714285,56.56666666666667,0
2024-07-08,0.0,0.0,1,28.0,497.64,36.714285714285715,54.93333333333333,0
2024-07-09,648.984412,43.265627466666665,15,27.0,2736.45,33.285714285714285,53.43333333333333,0
2024-07-10,11977.734907,213.88812333928573,56,28.0,687900.21,30.142857142857142,51.86666666666667,0
2024-07-11,1876.812082,98.77958326315789,19,29.0,169887.02,28.0,50.43333333333333,0
2024-07-12,1412.314654,74.33235021052631,19,25.0,89582.97,27.428571428571427,48.8,1
2024-07-13,2913.617837,171.38928452941175,17,25.0,139189.19,27.285714285714285,47.233333333333334,1
2024-07-14,0.0,0.0,7,33.0,84001.13,27.857142857142858,46.0,0
2024-07-15,-1.0,-0.038461538461538464,26,52.0,198344.85,31.285714285714285,45.266666666666666,0
2024-07-16,0.0,0.0,22,65.0,144000.57,36.714285714285715,44.96666666666667,0
2024-07-17,1859.269477,5.297064037037037,351,69.0,626005.53,42.57142857142857,44.9,0
2024-07-18,3803.884311,63.398071849999994,60,61.0,649704.85,47.142857142857146,44.56666666666667,0
2024-07-19,2155.891114,93.73439626086956,23,60.0,150269.42,52.142857142857146,44.1,0
2024-07-20,2299.169566,8.643494609022557,266,74.0,244362.21,59.142857142857146,44.43333333333333,0
2024-07-21,-2960.716887,-6.608743051339286,448,74.0,234307.46,65.0,44.9,0
2024-07-22,1517.119876,9.851427766233765,154,70.0,304213.8,67.57142857142857,45.13333333333333,0
2024-07-23,89890.302206,242.9467627189189,370,71.0,358526.54,68.42857142857143,45.733333333333334,0
2024-07-24,625.561479,6.9506831,90,69.0,69207.93,68.42857142857143,46.2,0
2024-07-25,916.7382600000001,11.753054615384617,78,68.0,528555.31,69.42857142857143,46.766666666666666,0
2024-07-26,2766.513113,18.200744164473683,152,68.0,548587.65,70.57142857142857,48.03333333333333,0
2024-07-27,6400.623656,112.2916430877193,57,72.0,905199.75,70.28571428571429,48.9,0
2024-07-28,587.29903,36.706189375,16,71.0,43254.68,69.85714285714286,49.93333333333333,0
2024-07-29,330.80445399999996,8.482165487179486,39,74.0,327199.14,70.42857142857143,51.4,0
2024-07-30,0.0,0.0,6,67.0,36006.47,69.85714285714286,52.06666666666667,0
2024-07-31,765.690884,17.806764744186047,43,61.0,84506.54,68.71428571428571,52.333333333333336,0
2024-08-01,167.080017,2.9312283684210527,57,52.0,227774.53,66.42857142857143,52.36666666666667,0
2024-08-02,782.3681909999999,12.418542714285714,63,57.0,396320.37,64.85714285714286,52.6,0
2024-08-03,464.1897,12.545667567567568,37,37.0,290532.86,59.857142857142854,52.36666666666667,0
2024-08-04,-122672.000883,-965.9212667952756,127,34.0,1207744.07,54.57142857142857,52.53333333333333,0
2024-08-05,-13013.665169,-162.6708146125,80,26.0,420495.4,47.714285714285715,52.53333333333333,0
2024-08-06,267.318048,2.4982995140186914,107,17.0,61478.38,40.57142857142857,52.13333333333333,1
2024-08-07,188.789255,5.720886515151515,33,29.0,2492.77,36.0,52.166666666666664,0
2024-08-08,-40.712216999999995,-4.5235796666666666,9,20.0,16299.35,31.428571428571427,51.93333333333333,1
2024-08-09,18082.071276,125.56993941666666,144,48.0,503204.86,30.142857142857142,52.6,0
2024-08-10,0.0,0.0,88,40.0,11339.29,30.571428571428573,52.96666666666667,0
2024-08-11,847.7766200000001,35.32402583333334,24,39.0,44230.21,31.285714285714285,53.43333333333333,0
2024-08-12,858.6705000000001,17.88896875,48,25.0,54167.32,31.142857142857142,53.43333333333333,1
2024-08-13,212.08102,9.220913913043479,23,31.0,20797.87,33.142857142857146,53.36666666666667,0
2024-08-14,2168.9015130000003,86.75606052,25,30.0,66710.03,33.285714285714285,52.63333333333333,0
2024-08-15,0.0,0.0,12,29.0,1522.3700000000001,34.57142857142857,51.43333333333333,0
2024-08-16,825.230544,23.578015542857145,35,27.0,166382.84,31.571428571428573,50.03333333333333,0
2024-08-17,-288.283113,-9.609437100000001,30,25.0,30248.96,29.428571428571427,48.833333333333336,1
2024-08-18,307.201888,20.480125866666665,15,31.0,62804.48,28.285714285714285,47.86666666666667,0
2024-08-19,339.69958299999996,42.462447874999995,8,28.0,100315.03,28.714285714285715,46.333333333333336,0
2024-08-20,192.602844,16.050237,12,30.0,49914.8,28.571428571428573,44.86666666666667,0
2024-08-21,656.200925,4.525523620689655,145,26.0,104990.41,28.0,43.4,0
2024-08-23,1005.30527,100.53052699999999,10,34.0,63509.56,28.714285714285715,42.166666666666664,0
2024-08-24,0.0,0.0,7,56.0,34999.67,32.857142857142854,41.733333333333334,0
2024-08-25,0.0,0.0,17,54.0,21950.28,37.0,41.266666666666666,0
2024-08-26,231.236918,38.539486333333336,6,55.0,92611.27,40.42857142857143,40.833333333333336,0
2024-08-27,0.0,0.0,50,48.0,70250.16,43.285714285714285,40.03333333333333,0
2024-08-28,1333.359645,148.15107166666667,9,30.0,71160.06999999999,43.285714285714285,38.666666666666664,0
2024-08-29,0.0,0.0,1,29.0,9995.85,43.714285714285715,37.166666666666664,0
2024-08-30,256.464,42.744,6,34.0,37233.24,43.714285714285715,36.06666666666667,0
2024-08-31,10.882801,0.3200823823529412,34,29.0,107507.43000000001,39.857142857142854,35.0,0
2024-09-01,137.433093,11.452757750000002,12,26.0,12359.68,35.857142857142854,34.13333333333333,0
2024-09-02,0.0,0.0,2,26.0,30000.42,31.714285714285715,33.1,0
2024-09-04,1065.785132,31.346621529411763,34,27.0,131480.97,28.714285714285715,32.766666666666666,0
2024-09-05,0.0,0.0,1,29.0,0.84,28.571428571428573,32.6,0
2024-09-06,-1104.856765,-26.306113452380952,42,22.0,39047.1,27.571428571428573,32.46666666666667,1
2024-09-08,0.0,0.0,1,29.0,0.11,26.857142857142858,32.86666666666667,0
2024-09-09,0.0,0.0,2,26.0,4014.4300000000003,26.428571428571427,32.766666666666666,0
2024-09-10,-219.729659,-73.24321966666666,3,33.0,2547.28,27.428571428571427,33.2,0
2024-09-11,0.0,0.0,1,37.0,0.54,29.0,32.833333333333336,0
2024-09-14,0.0,0.0,11,50.0,1014.8000000000001,32.285714285714285,33.166666666666664,0
2024-09-18,-878.684794,-6.059895131034483,145,45.0,13633.5,34.57142857142857,33.36666666666667,0
2024-09-19,0.0,0.0,19,49.0,1521.8700000000001,38.42857142857143,34.166666666666664,0
2024-09-20,9585.03428,599.0646425,16,54.0,332873.38,42.0,34.93333333333333,0
2024-09-21,36165.56933,1572.416057826087,23,54.0,165648.12,46.0,35.733333333333334,0
2024-09-22,0.0,0.0,3,52.0,19999.739999999998,48.714285714285715,36.5,0
2024-09-23,334.760796,167.380398,2,50.0,40334.29,50.57142857142857,37.266666666666666,0
2024-09-24,0.0,0.0,10,54.0,7118.63,51.142857142857146,38.233333333333334,0
2024-09-25,0.0,0.0,9,59.0,52754.130000000005,53.142857142857146,39.166666666666664,0
2024-09-26,439.812513,54.976564125,8,50.0,113711.93000000001,53.285714285714285,39.9,0
2024-09-27,0.0,0.0,56,61.0,126097.04,54.285714285714285,40.93333333333333,0
2024-09-28,0.0,0.0,4,64.0,29199.21,55.714285714285715,42.2,0
2024-09-30,2710.626288,25.571946113207545,106,61.0,214669.85,57.0,43.1,0
2024-10-01,0.0,0.0,4,50.0,139954.32,57.0,42.9,0
2024-10-02,0.0,0.0,4,42.0,99954.34,55.285714285714285,42.5,0
2024-10-03,100.375782,11.152864666666666,9,37.0,132935.69,52.142857142857146,41.9,0
2024-10-04,0.0,0.0,1,41.0,0.34,50.857142857142854,41.666666666666664,0
2024-10-05,5767.161892,155.86924032432432,37,49.0,605605.74,49.142857142857146,42.3,0
2024-10-06,130.487079,5.9312308636363635,22,50.0,300130.56,47.142857142857146,43.0,0
2024-10-07,0.0,0.0,21,50.0,219984.65,45.57142857142857,43.53333333333333,0
2024-10-08,5396.546638,149.90407327777777,36,49.0,434584.13,45.42857142857143,44.2,0
2024-10-09,396.06272,28.290194285714286,14,49.0,220399.93,46.42857142857143,44.96666666666667,0
2024-10-10,0.0,0.0,16,39.0,300024.33999999997,46.714285714285715,45.4,0
2024-10-11,8885.327477,341.74336450000004,26,32.0,488904.19,45.42857142857143,45.56666666666667,0
2024-10-12,541.55471,54.155471,10,49.0,159713.4,45.42857142857143,46.233333333333334,0
2024-10-13,0.0,0.0,10,50.0,60002.42,45.42857142857143,47.166666666666664,0
2024-10-14,1913.61958,382.72391600000003,5,48.0,61916.020000000004,45.142857142857146,47.8,0
2024-10-15,1170.2260760000001,167.17515371428573,7,65.0,81173.36,47.42857142857143,49.1,0
2024-10-16,219.480876,19.95280690909091,11,73.0,80229.17,50.857142857142854,50.43333333333333,0
2024-10-17,36.11496,4.0127733333333335,9,71.0,140531.75,55.42857142857143,51.56666666666667,0
2024-10-18,333.219141,55.536523499999994,6,73.0,120331.43000000001,61.285714285714285,52.333333333333336,0
2024-10-19,0.0,0.0,4,72.0,99996.86,64.57142857142857,53.233333333333334,0
2024-10-20,389.155797,4.05370621875,96,73.0,176447.86000000002,67.85714285714286,54.03333333333333,0
2024-10-21,2464.915564,14.248066843930635,173,72.0,324117.99,71.28571428571429,54.63333333333333,0
2024-10-22,0.0,0.0,3,70.0,60000.36,72.0,55.166666666666664,0
2024-10-23,-46.489941,-2.5827745,18,71.0,210006.07,71.71428571428571,55.8,0
2024-10-25,13235.862071,441.19540236666666,30,72.0,427883.18,71.85714285714286,56.53333333333333,0
2024-10-27,666.6623079999999,166.66557699999998,4,74.0,90664.41,72.0,57.2,0
2024-10-28,167.28016200000002,12.867704769230771,13,72.0,121495.25,72.0,57.63333333333333,0
2024-10-29,801.170876,15.11643162264151,53,72.0,613267.8099999999,71.85714285714286,58.36666666666667,0
2024-10-30,9.150023,0.36600091999999995,25,77.0,11830.85,72.57142857142857,58.9,-1
2024-10-31,1214.043811,25.292579395833332,48,77.0,896173.36,73.57142857142857,59.333333333333336,-1
2024-11-01,1040.475736,45.238075478260875,23,75.0,260981.03,74.14285714285714,59.8,-1
2024-11-02,0.0,0.0,2,72.0,40000.0,74.14285714285714,60.53333333333333,0
2024-11-03,0.0,0.0,6,74.0,129055.66,74.14285714285714,61.6,0
2024-11-04,2799.410474,77.76140205555555,36,70.0,451811.97,73.85714285714286,62.7,0
2024-11-05,678.4759280000001,67.8475928,10,70.0,200627.23,73.57142857142857,63.666666666666664,0
2024-11-06,2817.83723,187.85581533333334,15,70.0,123906.9,72.57142857142857,64.36666666666666,0
2024-11-07,4493.353136,39.764187044247784,113,77.0,111335.3,72.57142857142857,65.26666666666667,-1
2024-11-08,-64.41354100000007,-1.6516292564102582,39,75.0,270700.44,72.57142857142857,66.1,-1
2024-11-09,102.90894,1.196615581395349,86,75.0,193384.41,73.0,66.96666666666667,-1
2024-11-10,991.114334,5.728984589595376,173,78.0,413636.7,73.57142857142857,67.93333333333334,-1
2024-11-11,6749.630996,18.09552545844504,373,76.0,1570572.42,74.42857142857143,69.16666666666667,-1
2024-11-12,3494.399394,20.435084175438597,171,80.0,1226354.52,75.85714285714286,70.76666666666667,-1
2024-11-13,7846.402274,163.46671404166668,48,84.0,515336.37,77.85714285714286,71.93333333333334,-1
2024-11-14,4563.509225,41.4864475,110,88.0,1008361.81,79.42857142857143,73.2,-1
2024-11-15,4140.740438,27.790204281879195,149,80.0,1427858.42,80.14285714285714,74.26666666666667,-1
2024-11-16,2769.521909,17.640266936305732,157,86.0,303296.07,81.71428571428571,74.96666666666667,-1
2024-11-17,882.975285,4.224762129186603,209,90.0,1215987.57,83.42857142857143,75.53333333333333,-1
2024-11-18,4470.815187,12.921431176300578,346,83.0,2084339.58,84.42857142857143,75.93333333333334,-1
2024-11-19,2958.268991,9.699242593442623,305,90.0,628031.15,85.85714285714286,76.5,-1
2024-11-20,4210.0928969999995,7.654714358181818,550,83.0,1999514.1199999999,85.71428571428571,76.86666666666666,-1
2024-11-21,1692.430891,3.1634222261682243,535,82.0,598300.62,84.85714285714286,77.16666666666667,-1
2024-11-22,-18105.345617,-26.664721085419732,679,94.0,1646713.62,86.85714285714286,77.9,-1
2024-11-23,2901.531638,7.993200104683195,363,93.0,516245.68,87.85714285714286,78.66666666666667,-1
2024-11-24,945.550386,5.497385965116279,172,80.0,664952.28,86.42857142857143,78.96666666666667,-1
2024-11-25,5523.740734,21.66172836862745,255,82.0,937410.87,86.28571428571429,79.3,-1
2024-11-26,1094.809359,3.6251965529801327,302,79.0,1146902.44,84.71428571428571,79.46666666666667,-1
2024-11-27,-2654.495633,-12.462420812206572,213,75.0,1444242.53,83.57142857142857,79.56666666666666,-1
2024-11-28,-127075.39958499999,-382.75722766566264,332,77.0,1894225.15,82.85714285714286,79.73333333333333,-1
2024-11-29,176844.994152,449.98726247328244,393,78.0,794262.91,80.57142857142857,79.76666666666667,-1
2024-11-30,37316.69352,100.04475474530831,373,84.0,1732193.7,79.28571428571429,80.0,0
2024-12-01,40886.364494,98.28453003365385,416,81.0,814711.82,79.42857142857143,80.2,0
2024-12-02,18489.604313,68.48001597407408,270,80.0,585243.56,79.14285714285714,80.46666666666667,0
2024-12-03,23576.539285,63.03887509358289,374,76.0,1084666.53,78.71428571428571,80.53333333333333,0
2024-12-04,292891.815021,918.1561599404388,319,78.0,769287.65,79.14285714285714,80.8,0
2024-12-05,71574.11848800001,156.96078615789474,456,84.0,1256750.79,80.14285714285714,81.26666666666667,0
2024-12-06,-92624.643895,-229.83782604218362,403,72.0,3471019.22,79.28571428571429,81.33333333333333,0
2024-12-07,85906.279067,282.5864442993421,304,75.0,451733.42,78.0,81.26666666666667,0
2024-12-08,15965.933436,38.014127228571425,420,79.0,932939.72,77.71428571428571,81.4,0
2024-12-09,6310.967676,11.708659881261596,539,78.0,983949.68,77.42857142857143,81.5,0
2024-12-10,39325.770231,24.640206911654136,1596,78.0,3150424.08,77.71428571428571,81.5,0
2024-12-11,319051.554217,261.30348420720725,1221,74.0,2194098.33,77.14285714285714,81.43333333333334,0
2024-12-12,599151.795008,310.1199767122153,1932,83.0,4557189.87,77.0,81.53333333333333,0
2024-12-13,31935.901745,27.22583268968457,1173,76.0,2880824.64,77.57142857142857,81.26666666666667,0
2024-12-14,167801.399244,135.87157833522267,1235,83.0,2369561.78,78.71428571428571,81.1,0
2024-12-15,97525.315279,57.4692488385386,1697,80.0,2583269.81,78.85714285714286,81.1,0
2024-12-16,166774.344133,158.07994704549765,1055,83.0,2740808.97,79.57142857142857,81.0,0
2024-12-17,219591.305172,113.13307839876352,1941,87.0,5233597.63,80.85714285714286,80.9,0
2024-12-18,13682.994673,9.575223703988803,1429,81.0,3798887.07,81.85714285714286,80.83333333333333,-1
2024-12-19,62744.004486000005,18.79125621024259,3339,75.0,8241709.39,80.71428571428571,80.33333333333333,-1
2024-12-20,254969.660039,102.47976689670418,2488,74.0,7681274.71,80.42857142857143,80.03333333333333,0
2024-12-21,150022.163157,89.24578415050566,1681,73.0,4382875.12,79.0,79.73333333333333,0
2024-12-22,352197.163973,455.03509557235145,774,73.0,3087320.22,78.0,79.03333333333333,0
2024-12-23,-29430.626577,-12.53967898466127,2347,70.0,6771878.26,76.14285714285714,78.26666666666667,0
2024-12-24,14813.780116,43.827751822485205,338,73.0,1767036.11,74.14285714285714,78.03333333333333,0
2024-12-25,756.6570469999998,3.637774264423076,208,73.0,347889.35,73.0,77.73333333333333,0
2024-12-26,60228.639722,86.41124780774749,697,79.0,2205242.65,73.57142857142857,77.73333333333333,0
2024-12-27,2672.811035,10.280042442307693,260,74.0,347913.0,73.57142857142857,77.7,0
2024-12-28,940.673623,5.842693310559007,161,72.0,281555.01,73.42857142857143,77.53333333333333,0
2024-12-29,2884.067927,14.348596651741294,201,73.0,344628.54,73.42857142857143,77.36666666666666,0
2024-12-30,9009.738137,29.637296503289473,304,65.0,1073865.73,72.71428571428571,76.73333333333333,0
2024-12-31,5445.01281,17.794159509803922,306,64.0,877164.62,71.42857142857143,76.16666666666667,0
2025-01-01,-9528.065345,-99.25068067708334,96,66.0,282582.1,70.42857142857143,75.7,0
2025-01-02,8716.519087,24.145482235457067,361,70.0,774674.84,69.14285714285714,75.5,0
2025-01-03,6028.486793,11.867099986220472,508,74.0,771208.99,69.14285714285714,75.36666666666666,0
2025-01-04,2553.537968,6.882851665768194,371,73.0,1826029.6199999999,69.28571428571429,75.0,0
2025-01-05,3187.719363,13.337737920502093,239,72.0,451943.57,69.14285714285714,75.0,0
2025-01-06,6064.185393,10.583220581151831,573,76.0,556526.99,70.71428571428571,75.03333333333333,0
2025-01-07,16098.227531,25.271942748822607,637,78.0,1313178.1,72.71428571428571,75.0,0
2025-01-08,130117.090554,125.23300342059672,1039,70.0,3177275.18,73.28571428571429,74.73333333333333,0
2025-01-09,46975.928902,89.99220096168582,522,69.0,1020733.25,73.14285714285714,74.43333333333334,0
2025-01-10,-10116.875552,-12.352717401709402,819,50.0,6547449.68,69.71428571428571,73.63333333333334,0
2025-01-11,2269.080536,8.017952424028268,283,69.0,1658098.71,69.14285714285714,73.16666666666667,0
2025-01-12,5742.241803,9.538607646179402,602,62.0,2258459.17,67.71428571428571,72.7,0
2025-01-13,9655.429352,23.66526801960784,408,61.0,2936648.0100000002,65.57142857142857,71.96666666666667,0
2025-01-14,16069.512355,58.43459038181818,275,63.0,876581.97,63.42857142857143,71.4,0
2025-01-15,14819.5883,55.50407602996255,267,70.0,1801599.8900000001,63.42857142857143,70.96666666666667,0
2025-01-16,20807.709328,56.08546988679245,371,75.0,3049692.96,64.28571428571429,70.56666666666666,0
2025-01-17,7006.415608,29.43872104201681,238,75.0,1110230.46,67.85714285714286,70.36666666666666,0
2025-01-18,443.2330819999997,0.6808495883256523,651,77.0,2711629.88,69.0,70.43333333333334,0
2025-01-19,87923.799302,56.10963580216975,1567,77.0,9715215.3,71.14285714285714,70.53333333333333,-1
2025-01-20,87277.239173,66.37052408593155,1315,76.0,8287327.01,73.28571428571429,70.63333333333334,-1
2025-01-21,11077.839421,20.901583813207548,530,76.0,1523729.82,75.14285714285714,70.73333333333333,-1
2025-01-22,20524.408057,24.66875968389423,832,84.0,1778406.43,77.14285714285714,71.2,-1
2025-01-23,101256.24216,83.13320374384236,1218,75.0,3697028.66,77.14285714285714,71.26666666666667,-1
2025-01-24,10602.779738,12.131326931350113,874,75.0,1611433.45,77.14285714285714,71.33333333333333,-1
2025-01-25,-10348.016255999999,-20.450625011857706,506,75.0,1239377.7,76.85714285714286,71.2,-1
2025-01-26,40823.466668,90.51766445232816,451,73.0,1201173.66,76.28571428571429,71.16666666666667,0
2025-01-27,41331.765392,53.469295461837,773,71.0,1508028.31,75.57142857142857,71.13333333333334,0
2025-01-28,17979.613973,36.103642516064255,498,72.0,579412.17,75.0,71.1,0
2025-01-29,23421.01147,25.737375241758244,910,72.0,1897513.41,73.28571428571429,71.33333333333333,0
2025-01-30,23097.471385,21.64711470009372,1067,70.0,3014397.17,72.57142857142857,71.53333333333333,0
2025-01-31,35868.296773,35.303441705708664,1016,76.0,2783411.48,72.71428571428571,71.86666666666666,-1
2025-02-01,32300.205017,50.946695610410096,634,68.0,1363746.44,71.71428571428571,71.8,0
2025-02-02,162854.759623,123.46835452843062,1319,60.0,5661092.29,69.85714285714286,71.33333333333333,0
2025-02-03,348871.326269,146.58459086932774,2380,44.0,22592901.37,66.0,70.36666666666666,0
2025-02-04,416876.88812,165.9541752070064,2512,72.0,15678409.27,66.0,70.36666666666666,0
2025-02-05,56706.235562,43.721075992289904,1297,54.0,8743231.51,63.42857142857143,69.63333333333334,0
2025-02-06,33803.799733,19.84955944392249,1703,49.0,2818508.87,60.42857142857143,68.66666666666667,0
2025-02-07,22450.002091,14.730972500656167,1524,44.0,3460263.54,55.857142857142854,67.8,0
2025-02-08,586.703253,1.0203534834782608,575,44.0,839734.97,52.42857142857143,66.96666666666667,0
2025-02-09,150551.829492,197.05736844502616,764,46.0,2920919.7,50.42857142857143,66.83333333333333,0
2025-02-10,63908.49465,71.88807047244094,889,43.0,3624958.44,50.285714285714285,65.96666666666667,0
2025-02-11,-6093.784817,-7.186067001179245,848,47.0,2797544.17,46.714285714285715,65.46666666666667,0
2025-02-12,19848.635032,19.251828353055284,1031,46.0,4143974.54,45.57142857142857,64.96666666666667,0
2025-02-13,27829.534238,20.313528640875912,1370,50.0,3199852.21,45.714285714285715,64.53333333333333,0
2025-02-14,213860.675308,129.22095184773414,1655,48.0,4007103.42,46.285714285714285,63.8,0
2025-02-15,45042.92701,48.32932082618026,932,50.0,1712852.95,47.142857142857146,62.96666666666667,0
2025-02-16,2369.478425,3.4794103157121876,681,54.0,806177.64,48.285714285714285,62.266666666666666,0
2025-02-17,1818.573295,1.9325964877789585,941,51.0,2031044.64,49.42857142857143,61.4,0
2025-02-18,91204.672403,54.418062292959426,1676,47.0,3371128.68,49.42857142857143,60.4,0
2025-02-19,14985.794701,11.010870463629685,1361,44.0,3263930.24,49.142857142857146,59.333333333333336,0
2025-02-20,46008.794102,22.867193887673956,2012,49.0,4628609.29,49.0,58.43333333333333,0
2025-02-21,119693.49395,63.904695114789114,1873,55.0,3972159.88,50.0,57.46666666666667,0
2025-02-22,25278.704178,36.849423,686,49.0,3175570.2,49.857142857142854,56.6,0
2025-02-23,10656.934251,20.494104328846156,520,50.0,1141310.74,49.285714285714285,55.766666666666666,0
2025-02-24,38470.176242,6.850102607193732,5616,49.0,11223619.59,49.0,54.9,0
2025-02-25,204762.177034,32.782929400256165,6246,25.0,19414984.36,45.857142857142854,53.3,1
2025-02-26,63229.063129,53.76621014370748,1176,21.0,4946958.13,42.57142857142857,51.63333333333333,1
2025-02-27,-36525.167517,-41.039514064044944,890,10.0,1999898.43,37.0,49.56666666666667,1
2025-02-28,225628.108748,221.4211077016683,1019,16.0,4123660.77,31.428571428571427,47.7,1
2025-03-01,10596.108968,60.897177977011495,174,20.0,263824.13,27.285714285714285,46.03333333333333,1
2025-03-02,66914.320708,125.77879832330827,532,26.0,6460848.74,23.857142857142858,44.36666666666667,0
2025-03-03,616413.032233,415.9332201302294,1482,33.0,8244590.38,21.571428571428573,43.2,0
2025-03-04,182075.566585,75.80165136761032,2402,15.0,11124247.15,20.142857142857142,41.7,1
2025-03-05,269328.365917,162.24600356445782,1660,20.0,9193654.22,20.0,40.9,1
2025-03-06,16101.125561,21.18569152763158,760,25.0,6765324.96,22.142857142857142,39.333333333333336,1
2025-03-07,150236.061627,58.86993010462382,2552,34.0,19854275.48,24.714285714285715,38.666666666666664,0
2025-03-08,24700.773359,46.69333338185255,529,28.0,892083.51,25.857142857142858,37.96666666666667,0
2025-03-09,19773.457395,13.905384947257385,1422,27.0,10419697.99,26.0,37.4,0
2025-03-10,-10010.027269999999,-3.438690233596702,2911,20.0,16811790.68,24.142857142857142,36.6,1
2025-03-11,-76880.729036,-23.3964482763238,3286,24.0,14016952.09,25.428571428571427,35.86666666666667,1
2025-03-12,288105.984215,72.60735489289314,3968,34.0,18618139.15,27.428571428571427,35.56666666666667,0
2025-03-13,14114.870873,14.672422944906446,962,45.0,3285591.22,30.285714285714285,35.5,0
2025-03-14,68646.160089,31.061610899999998,2210,27.0,8047187.16,29.285714285714285,34.86666666666667,0
2025-03-15,78694.624572,301.51197154022987,261,46.0,2355749.54,31.857142857142858,34.733333333333334,0
2025-03-16,-7910.943544999999,-14.926308575471696,530,30.0,10187921.51,32.285714285714285,34.13333333333333,0
2025-03-17,26163.906513,28.439028818478263,920,32.0,3592895.05,34.0,33.53333333333333,0
2025-03-18,72322.788824,86.71797221103118,834,34.0,4050655.47,35.42857142857143,32.86666666666667,0
2025-03-19,29374.682341,18.222507655707197,1612,32.0,4598813.57,35.142857142857146,32.233333333333334,0
2025-03-20,10246.859436,13.290349463035021,771,49.0,1652257.93,35.714285714285715,32.3,0
2025-03-21,6951.270374,9.958840077363897,698,31.0,2543903.39,36.285714285714285,31.866666666666667,0
2025-03-22,12498.535254,23.361748138317758,535,32.0,971809.42,34.285714285714285,31.3,0
2025-03-23,14047.421585,31.425999071588368,447,30.0,2593519.67,34.285714285714285,30.466666666666665,0
2025-03-24,107878.961301,105.04280555111977,1027,45.0,3017587.05,36.142857142857146,30.333333333333332,0
2025-03-25,32030.90678,40.49419314791403,791,46.0,5372519.77,37.857142857142854,30.2,0
2025-03-26,15802.167427,5.094186791424887,3102,47.0,7597754.37,40.0,30.133333333333333,0
2025-03-27,58825.359221,74.9367633388535,785,40.0,3240279.46,38.714285714285715,30.633333333333333,0
2025-03-28,21337.179335,29.30931227335165,728,44.0,1483092.61,40.57142857142857,31.4,0
2025-03-29,12098.872931,6.38800049155227,1894,26.0,3668151.83,39.714285714285715,31.933333333333334,0
2025-03-30,15795.11514,27.8083013028169,568,32.0,2850874.96,40.0,32.46666666666667,0
2025-03-31,6978.184557,14.097342539393939,495,34.0,2164772.4699999997,38.42857142857143,32.93333333333333,0
2025-04-01,-2202.6622420000003,-11.472199177083334,192,34.0,704445.1900000001,36.714285714285715,33.2,0
2025-04-02,202212.740938,187.930056633829,1076,44.0,3867930.6,36.285714285714285,33.56666666666667,0
2025-04-03,-2365.961276,-1.353524757437071,1748,25.0,8670233.15,34.142857142857146,33.9,0
2025-04-04,-25515.678949999998,-20.05949602987421,1272,28.0,3835545.73,31.857142857142858,34.166666666666664,0
2025-04-05,35907.33771,99.74260475,360,30.0,1267564.22,32.42857142857143,34.333333333333336,0
2025-04-06,47053.449272,44.89832945801527,1048,34.0,3551252.06,32.714285714285715,34.333333333333336,0
2025-04-07,34527.370305,12.269854408315563,2814,23.0,14460253.14,31.142857142857142,34.166666666666664,1
2025-04-08,34899.394798,37.00890222481442,943,24.0,8869391.4,29.714285714285715,34.06666666666667,1
2025-04-09,43120.444797,10.86978694151752,3967,18.0,28556806.47,26.0,34.0,1
2025-04-10,158261.822261,74.40612236060178,2127,39.0,28741953.29,28.0,34.5,0
2025-04-11,126406.479081,115.33437872354014,1096,25.0,11319327.07,27.571428571428573,34.2,1
2025-04-12,410419.694533,194.60393292223802,2109,43.0,55914617.49,29.428571428571427,34.13333333333333,0
2025-04-13,48696.021521,36.86299888039364,1321,45.0,14171154.79,31.0,34.733333333333334,0
2025-04-14,45680.443063,51.32634052022472,890,31.0,13079972.98,32.142857142857146,34.233333333333334,0
2025-04-15,72357.706282,63.976751796640144,1131,38.0,20752168.24,34.142857142857146,34.5,0
2025-04-16,58631.730257,36.46251881654229,1608,29.0,36502715.9,35.714285714285715,34.4,0
2025-04-17,5427.919886,5.264713759456837,1031,30.0,2604551.51,34.42857142857143,34.266666666666666,0
2025-04-18,4880.4047439999995,2.576771248152059,1894,33.0,24610650.46,35.57142857142857,34.3,0
2025-04-19,71950.577495,25.82576363783202,2786,32.0,32706462.71,34.0,33.733333333333334,0
2025-04-20,25060.341936,12.643966668012109,1982,37.0,12126094.05,32.857142857142854,33.93333333333333,0
2025-04-21,34369.267906999994,20.005394590803256,1718,39.0,42104054.84,34.0,34.166666666666664,0
2025-04-22,58652.763578,19.563963835223483,2998,47.0,33753625.24,35.285714285714285,34.733333333333334,0
2025-04-23,-419020.225731,-68.03380836678032,6159,72.0,30682443.79,41.42857142857143,35.63333333333333,0
2025-04-24,50704.395965,22.717023281810036,2232,63.0,35088918.64,46.142857142857146,36.2,0
2025-04-25,20218.859206,12.231614764670297,1653,60.0,27749455.78,50.0,36.63333333333333,0
2025-04-26,-4125.753942,-3.6478814694960215,1131,65.0,11948127.77,54.714285714285715,37.46666666666667,0
2025-04-27,2702.067468,8.018004356083086,337,61.0,487537.69,58.142857142857146,38.03333333333333,0
2025-04-28,36906.813759,26.763461754169686,1379,54.0,26124921.49,60.285714285714285,38.96666666666667,0
2025-04-29,125749.613427,56.06313572313866,2243,60.0,34089511.66,62.142857142857146,39.9,0
2025-04-30,14003.797269,12.582028094339623,1113,56.0,12693878.85,59.857142857142854,40.63333333333333,0
2025-05-01,54536.829297000004,44.338885607317074,1230,53.0,10720240.52,58.42857142857143,41.266666666666666,0
